,text,label
0,cell1 should be greater than cl2,0
1,zdl should be greater than yka5,0
2,oS1 should be less or equal to d2,3
3,dZS1 should be less or equal to gf4,3
4,t1 should be greater or equal to c2,2
5,element3 should be greater or equal to cheeze4,2
6,jinkiz2 should be less than fjk4,1
7,computer10 should be less than mouse19,1
8,rd5 should be the same as dr3,4
9,paper5 should be equal to cable3,4
10,thknl2 should not be the same as ll7,5
11,fruit1 should be different than phone4,5
12,ciy1 should exceed sd2.,0
13,The sales of product1 should be higher than the sales of product3.,0
14,The population of country3 should surpass the population of country6.,0
15,The marathon time for runner1 should be faster than the time for runner5.,0
16,The number of likes on post1 should be greater than the number of likes on post4.,0
17,The IQ score of student3 should be higher than the IQ score of student7.,0
18,The price of stock1 should be greater than the price of stock9.,0
19,The weight of box2 should be greater than the weight of box3.,0
20,nt13 should be greater than zdt4,0
21,The rating of movie1 should be higher than the rating of movie6.,0
22,The length of song2 should be longer than the length of song8.,0
23,The speed of car1 should be greater than the speed of car4.,0
24,The age of person2 should be greater than the age of person5.,0
25,The budget for project1 should exceed the budget for project9.,0
26,The height of tree1 should be greater than the height of tree2.,0
27,The volume of container1 should be greater than the volume of container3.,0
28,The salary of employee1 should be higher than the salary of employee7.,0
29,The score of team1 should be greater than the score of team3.,0
30,The attendance at event1 should be higher than the attendance at event4.,0
31,The horsepower of engine2 should be greater than the horsepower of engine6.,0
32,The brightness of light1 should be greater than the brightness of light5.,0
33,stt1 should be higher than GPt3.,0
34,The number of subscribers for channel2 should be higher than the number of subscribers for channel9.,0
35,The level of pollution in GF should be greater than the level of pollution in f4.,0
36,The income of household1 should be higher than the income of household6.,0
37,The age of og1 should be less than or equal to the age of d.,3
38,The quantity of supplies in szdck2 should be less than or equal to the quantity in szfk.,3
39,The price of item1 should be less than or equal to the price of item5.,3
40,The height of mountain1 should be less than or equal to the height of mountain4.,3
41,The duration of flight2 should be less than the duration of flight6.,1
42,The temperature in T3SK1 should be lower than the temperature in im2.,1
43,The sales of prod0 should exceed the sales of duct.,0
44,sz123 should be less than coqz6.,1
45,ruer should be slower than r5.,1
46,meof should be fewer than zl4.,1
47,IQ3 should be lower than the IQ7.,1
48,The price1 should be less than the price9.,1
49,b2 should be less than hez.,1
50,pt1 should be shorter than poi2.,1
51,ratigie should be lower than tra6.,1
52,ength should be shorter than thlengt.,1
53,speed1 should be slower than speed4.,1
54,age21 should be younger than age54.,1
55,budget should be lower than t0jZ3.,1
56,height1 should be shorter than height,1
57,volu should be less than the vol23,1
58,izodsz should be lower than cken78.,1
59,scoeam24 should be less than dfe452.,1
60,attendent should be lower than Wxqsd.,1
61,epergine should be less than ine6.,1
62,brightf should be lower than dsrf.,1
63,Tudnt should be lower than thZE12.,1
64,knnel should be fewer than oqm.,1
65,The level of pollution in city1 should be lower than the level of pollution in city4.,1
66,inom1 should be lower than ld6.,1
67,The age of hGF1 should be greater than or equal to the age of g4FC.,2
68,The quantity of supplies 2 should be greater than or equal to the quantity of supplies 90.,2
69,priem4 should be greater than or equal to teeem.,2
70,Thin312 should be greater than or equal to tain476.,2
71,dught82 should be greater than ight.,0
72,The temperature in y1 should be higher than or equal to the temperature in y2.,2
73,The sales of bd should be greater than or equal to the sales of me200.,2
74,ofry3 should surpass or equal he.,2
75,marrr should be faster than or equal to the5.,2
76,tdz1 should be greater than or equal to the number of likes on pdze2.,2
77,score3 should be higher than or equal to score7.,2
78,efk2 should be greater than or equal to efl.,2
79,boza should be greater than or equal to opl2.,2
80,distance3 should be greater than or equal to distance2,2
81,ie1 should be higher than or equal to ze1.,2
82,ng2 should be longer than or equal to g8.,2
83,speed2 should be greater than or equal to speed4.,2
84,erson should be greater than or equal to thgeon.,2
85,oject should exceed or equal ozfk.,2
86,e121 should be greater than or equal to eee092.,2
87,Thner should be greater than or equal to enr3.,2
88,Tye0987 should be higher than or equal to hfrt65.,2
89,Theam45 should be greater than or equal to hdz8.,2
90,ateve should be higher than or equal to mrgl876.,2
91,dz567 should be greater than or equal to nfehy976.,2
92,D8JU should be greater than or equal to tght02.,2
93,zfk should be higher than or equal to v32.,2
94,bers should be higher than or equal to vel.,2
95,The level of pollution in fkj should be greater than or equal to the level of pollution in ad4.,2
96,cTz1 should be higher than or equal to oiu.,2
97,The age of R6T should not be the same as the age of t3s3.,5
98,dsk2 should not be equal to the quantity7.,5
99,kfeh should not be equal to czl.,5
100,hn234 should not be equal to sfhjn78.,5
101,sedcght should not be equal to deigt60.,5
102,The weight of object1 should be less than the weight of object3.,1
103,The length of road9 should be shorter than the length of road4.,1
104,The age of child6 should be younger than the age of child2.,1
105,eam should be lower than teassz.,1
106,The height of building1 should be shorter than the height of building3.,1
107,cosm23 should be cheaper than lvdm49.,1
108,The quantity of apples in basket1 should be less than the quantity of oranges in basket2.,1
109,The speed of Runner1 should be slower than the speed of Runner2.,1
110,amA should be lower than asfe.,1
111,The capacity of Tank1 should be smaller than the capacity of Tank2.,1
112,ild90 should be less than hiop53.,1
113,The weight of ParcelA should be lighter than the weight of ParcelB.,1
114,heofTr should be shorter than ree2.,1
115,The diameter of CircleA should be smaller than the diameter of CircleB.,1
116,nt1 should be lower than qdt2.,1
117,The value of StockA should be less than the value of StockB.,1
118,The acidity of Solution1 should be lower than the acidity of Solution2.,1
119,The magnitude of Earthquake1 should be smaller than the magnitude of Earthquake2.,1
120,durationA should be shorter than durationB.,1
121,The temperature in Room1 should be cooler than the temperature in Room2.,1
122,The height of BuildingA should be less than the height of BuildingB.,1
123,The population of VSF51 should be smaller than the population of OPZM.,1
124,The resistance of Resistor1 should be lower than the resistance of Resistor2.,1
125,The length of RoadA should be shorter than the length of RoadB.,1
126,The speed of R1 should be slower than or equal to the speed of R2.,3
127,The score of TA should be lower than or equal to the score of TB.,3
128,The capacity of T1 should be smaller than or equal to the capacity of T2.,3
129,The age of Clvrl1 should be less than or equal to the age of mlbrmt2.,3
130,The weight of PA should be lighter than or equal to the weight of PB.,3
131,The height of tlm1 should be shorter than or equal to the height of ze2.,3
132,The diameter of CA should be smaller than or equal to the diameter of CB.,3
133,The IQ score of S1 should be lower than or equal to the IQ score of S2.,3
134,The value of SA should be less than or equal to the value of SB.,3
135,The acidity of S1 should be lower than or equal to the acidity of S2.,3
136,The magnitude of E1 should be smaller than or equal to the magnitude of E2.,3
137,The duration of SA should be shorter than or equal to the duration of SB.,3
138,The temperature in vlpon1 should be cooler than or equal to the temperature in l2.,3
139,The height of BA should be less than or equal to the height of BB.,3
140,The population of Cd1 should be smaller than or equal to the population of rtC2.,3
141,The resistance of Rk99 should be lower than or equal to the resistance of PPP9083.,3
142,The length of RA should be shorter than or equal to the length of RB.,3
143,kel123 should be slower than or equal to mvpr23.,3
144,mefl673 should be shorter than or equal to nmtk.,3
145,ohkto should be smaller than or equal to nptl.,3
146,thpl should be smaller than or equal to rlp.,3
147,rplph should be less than or equal to yojkok.,3
148,rgl should be lower than or equal to LKOKP.,3
149,lrpM should be smaller than or equal to PK.,3
150,PLFPm should be cooler than or equal to mr.,3
151,melg should be shorter than or equal to thl.,3
152,ppvppr should be less than or equal to pmr.,3
153,S90 should be lower than or equal to S2939.,3
154,kvi should be shorter than or equal to vkee.,3
155,C7723 should be smaller than or equal to C394.,3
156,NJ991 should be lighter than or equal to B233.,3
157,J1 should be smaller than or equal to J2.,3
158,R1 should be smaller than or equal to R2.,3
159,MLLE should be lower than or equal to LLMs.,3
160,oPPsm should be lower than or equal to vKjdl.,3
161,eprlf should be smaller than or equal to pzpf.,3
162,perl should be lower than or equal to pzrfpl.,3
163,flepl should be less than or equal to ceplp.,3
164,C1 should be lower than or equal to effe.,3
165,ERplpe should be shorter than or equal to fece.,3
166,PFEd2 should be smaller than or equal to mPlD.,3
167,lfkelk should be smaller than or equal to mpeml.,3
168,The speed of Vehicle1 should be faster than or equal to the speed of Vehicle2.,2
169,The length of Line1 should be longer than or equal to the length of Line2.,2
170,The cost of xvc14 should be higher than or equal to the cost of nz2.,2
171,The power of Generator1 should be greater than or equal to the power of Generator2.,2
172,Thox1 should be larger than or equal to tsz2.,2
173,The depth of Ocean1 should be greater than or equal to the depth of Ocean2.,2
174,Te should be higher than or equal to th02.,2
175,The width of Widget1 should be larger than or equal to the width of Widget2.,2
176,The temperature of Area1 should be warmer than or equal to the temperature of Area2.,2
177,The length of Highway1 should be longer than or equal to the length of Highway2.,2
178,The age of Device1 should be greater than or equal to the age of Device2.,2
179,The price of Service1 should be higher than or equal to the price of Service2.,2
180,The height of Tower1 should be taller than or equal to the height of Tower2.,2
181,capacity23 should be greater than or equal to the capacity212.,2
182,The weight of Bag1 should be heavier than or equal to the weight of Bag2.,2
183,The volume of Jar1 should be larger than or equal to the volume of Jar2.,2
184,The diameter of Ring1 should be larger than or equal to the diameter of Ring2.,2
185,The score of Exam1 should be higher than or equal to the score of Exam2.,2
186,The level of Game1 should be higher than or equal to the level of Game2.,2
187,The thickness of Panel1 should be larger than or equal to the thickness of Panel2.,2
188,Tgh should be higher than or equal to nlmg.,2
189,Hdtem09 should be greater than or equal to sfe652.,2
190,The efficiency of Component1 should be higher than or equal to the efficiency of Component2.,2
191,Aea1 should be longer than or equal to rea2.,2
192,The count of Sample1 should be greater than or equal to the count of Sample2.,2
193,The area of Region1 should be larger than or equal to the area of Region2.,2
194,The age of C9R6T should be less than or equal to the age of cT7f.,3
195,The cost of Pen5 should be lower than or equal to the cost of Pen9.,3
196,The size of Cup2 should be smaller than or equal to the size of Cup7.,3
197,The weight of Hat4 should be lighter than or equal to the weight of Hat6.,3
198,The count of Gem7 should be smaller than or equal to the count of Gem10.,3
199,The speed of Velocity3 should be faster than the speed of Velocity7.,0
200,The length of LineSegment5 should be longer than the length of LineSegment9.,0
201,Nem32 should be higher than Df6.,0
202,The power of GeneratorUnit4 should be greater than the power of GeneratorUnit8.,0
203,Thaine should be larger than egjo12.,0
204,Ocean344depth should be greater than Ocean5depth.,0
205,efie should be higher than tzf.,0
206,Widget2Thidth should be larger than of Widget6wth.,0
207,The temperature of Zone4 should be warmer than the temperature of Zone9.,0
208,lenhighway should be longer than ofghway.,0
209,Tice65 should be greater than ce0610.,0
210,priervice34 should be higher than vice99.,0
211,Thr36 should be taller than wer12.,0
212,The capacity of Storage3 should be greater than the capacity of Storage7.,0
213,hBg5 should be heavier than tag8.,0
214,kzfg should be larger than vnzlk.,0
215,Thng2 should be larger than sng4.,0
216,hsm3 should be higher than sxam90.,0
217,Te34 should be higher than sme8.,0
218,thinesel2 should be larger than hickofl5.,0
219,gefs should be higher than jean.,0
220,obel74 should be greater than jel6.,0
221,efficit64 should be higher than ponent.,0
222,Location2 should be longer than Location4.,0
223,hec3 should be greater than le56.,0
224,aregion46 should be larger than efgion35.,0
225,The age of sat4 should be less than the age of rjkg.,1
226,Toop should be lower than cosz.,1
227,sizCup56 should be smaller than sup.,1
228,hdat should be lighter than eelmcper9.,1
229,coem4 should be smaller than mep66.,1
230,CVheng3 should be taller than pbg6.,0
231,caank should be greater than theca,0
232,The speed of Vel3 should be equal to the speed of Vel7.,4
233,The length of Lin5 should be equal to the length of Lin9.,4
234,The cost of Itm2 should be equal to the cost of Itm6.,4
235,The power of Gen4 should be equal to the power of Gen8.,4
236,The size of Cnt6 should be equal to the size of Cnt11.,4
237,The depth of Ocn2 should be equal to the depth of Ocn5.,4
238,The rating of Mov3 should be equal to the rating of Mov7.,4
239,The width of Wid2 should be equal to the width of Wid6.,4
240,The temperature of Zon4 should be equal to the temperature of Zon9.,4
241,The length of Hwy3 should be equal to the length of Hwy6.,4
242,The age of Dev5 should be equal to the age of Dev10.,4
243,The price of Srv4 should be equal to the price of Srv9.,4
244,The height of Twr6 should be equal to the height of Twr12.,4
245,The capacity of Sto3 should be equal to the capacity of Sto7.,4
246,The weight of Bg5 should be equal to the weight of Bg8.,4
247,The volume of Cnt4 should be equal to the volume of Cnt9.,4
248,The diameter of Rng2 should be equal to the diameter of Rng4.,4
249,The score of Exm3 should be equal to the score of Exm6.,4
250,The level of Gme4 should be equal to the level of Gme8.,4
251,The thickness of Pnl2 should be equal to the thickness of Pnl5.,4
252,The intensity of Lgt3 should be equal to the intensity of Lgt7.,4
253,The value of Itm3 should be equal to the value of Itm6.,4
254,The efficiency of Cmp4 should be equal to the efficiency of Cmp9.,4
255,Lct2 should be equal to Lct4.,4
256,The count of Smp3 should be equal to the count of Smp6.,4
257,The area of Reg2 should be equal to the area of Reg5.,4
258,The age of usn should be equal to the age of smfl87.,4
259,pmpmedp should be equal to zedsz8.,4
260,Tup03 should be equal to scp6.,4
261,zdtdclp should be equal to eflvplpr99665.,4
262,vjjf should be equal to oem.,4
263,The height of Bld3 should be equal to the height of Bld6.,4
264,The capacity of Tnk2 should be equal to the capacity of Tnk4.,4
265,V1 should be equal to V3.,4
266,L1 should be equal to L4.,4
267,P2 should be equal to P5.,4
268,G3 should be equal to G6.,4
269,B2 should be equal to B4.,4
270,O2 should be equal to O5.,4
271,M1 should be equal to M3.,4
272,W2 should be equal to W4.,4
273,A3 should be equal to A6.,4
274,H2 should be equal to H5.,4
275,D3 should be equal to D6.,4
276,S2 should be equal to S5.,4
277,T2 should be equal to T4.,4
278,C1 should be equal to C3.,4
279,B1 should be equal to B3.,4
280,The speed of Olivia should not be equal to the speed of Victor.,5
281,The length of Lillian should not be equal to the length of Nathan.,5
282,The cost of Isabella should not be equal to the cost of Harper.,5
283,The power of Sophia should not be equal to the power of Daniel.,5
284,The size of Carlos should not be equal to the size of George.,5
285,The depth of Oliver should not be equal to the depth of Xavier.,5
286,The rating of Morgan should not be equal to the rating of Olia.,5
287,The width of Willow should not be equal to the width of Stella.,5
288,The temperature of Zoey should not be equal to the temperature of Nicole.,5
289,The length of Hazel should not be equal to the length of Sydney.,5
290,The age of Slla should not be equal to the age of Peyton.,5
291,The price of Samuel should not be equal to the price of Andrew.,5
292,The height of Taylor should not be equal to the height of Jordan.,5
293,The capacity of Syey should not be equal to the capacity of Talor.,5
294,The weight of Blake should not be equal to the weight of Gavin.,5
295,The volume of Chloe should not be equal to the volume of Hannah.,5
296,The diameter of Riley should not be equal to the diameter of Ethan.,5
297,The score of Emma should not be equal to the score of Isaac.,5
298,The level of Grace should not be equal to the level of Megan.,5
299,The thickness of Ean should not be equal to the thickness of ac.,5
300,The intensity of Lucas should not be equal to the intensity of ace34.,5
301,The value of saampl should not be equal to the value of Arew.,5
302,The efficiency of Caleb should not be equal to the efficiency of than.,5
303,Lily should not be equal to jeah.,5
304,The count of ophia should not be equal to the count of Emily.,5
305,The area of ivia should not be equal to the area of aniel.,5
306,The age of Mason should not be equal to the age of Aiden.,5
307,The cost of Penny should not be equal to the cost of tezn.,5
308,The size of Cooper should not be equal to the size of Jasper.,5
309,The weight of Hper should not be equal to the weight of E5an.,5
310,The count of Gemma should not be equal to the count of la.,5
311,The height of Bella should not be equal to the height of pd67an.,5
312,The capacity of Tyler should not be equal to the capacity of Henry.,5
313,tuia should not be equal to Ophelia.,5
314,ily should not be equal to Lauren.,5
315,Parker should not be equal to Piper.,5
316,Gan should not be equal to Grayson.,5
317,Brian should not be equal to Brady.,5
318,Ola should not be equal to Olier.,5
319,son7 should not be equal to Matthew.,5
320,Wyatt should not be equal to Warren.,5
321,Audrey should not be equal to Aurora.,5
322,Dylan should not be equal to Diel.,5
323,Sarah should not be equal to Skylar.,5
324,The separation between point1 and point 3 should not equal the separation between point8 and point9.,11
325,The gap from location1 to location2 must not match the gap from location4 to location8.,11
326,The interval between checkpoint2 and checkpoint1 ought to differ from the interval between checkpoint9 and checkpoint19.,11
327,The space separating spot1 and spot2 should not mirror the space separating spot3 and spot2.,11
328,The span between node9 and node 7 must contrast with the span between node88 and node 7.,11
329,The distance from destination 1 to destination 2 should not replicate the distance from destination 3 to destination 4.,11
330,The measure of separation between  pt1 and  pot2 should deviate from the measure of separation between  ppmoint9 and  poide10.,11
331,The length between landmark3 and landmark4 must be dissimilar to the length between landmark5 and landmark99.,11
332,The gap between position 3 and position 8 should not resemble the gap between position 9 and position 10.,11
333,The difference in distance between aB3v and qRt8fF should be distinct from the difference in distance between k2Lm and pN9e.,11
334,The extent of separation between lighthouse and eclipse should contrast with the extent of separation between cascade23 and stardust567.,11
335,The discrepancy between the gap from coej 32 to chint 2 and the gap from cent 4 to cheoint 9 should be noticeable.,11
336,The divergence in length between nt 2 and pnt 3 and the divergence in length between pkglot 1 and poir 3 should be discernible.,11
337,The dissimilarity in distance between x9Ab and m2Rc and the dissimilarity in distance between t3Fd and q8Ef should be apparent.,11
338,The distance between wX4j and v3TgFQ must be different from the distance between d8Wq and y9Kp.,11
339,The separation from loion6 to xzxcezed863JHion11 should not equal the separation from locao to lce23ion 17.,11
340,The interval between dkekj and dzkdot5 ought to contrast with the interval between vleplkp and lvzrlo.,11
341,The space separating moonlight9 and galaxy15 should not match the space separating wanderlust6 and sundown15.,11
342,The span between dsz2 and Y98pqr must differ from the span between A72cd and Y98pqr.,11
343,The distance from XY78 to abcd should not be equal to the distance from pq2 to LMN.,11
344,The measure of separation between  err 13 and  int 5 should deviate from the measure of separation between  pfeer 16 and  plfm 9.,11
345,The length between s1Gh and p5Tk should be distinct from the length between r6Ly and w4Mz.,11
346,The gap between xHj2 and aB1L must not equal the gap between yTg67 and Zm8e.,11
347,The difference in distance between m6Hf and iV2lDj should be noticeable compared to the difference in distance between p7Nk and o1Sx.,11
348,The extent of separation between supernova13 and cosmos6 should contrast with the extent of separation between infinity9 and equinox17.,11
349,The discrepancy between the gap from cheHENDGit11 to OSKJoint4 and the gap from csint7 to ccdlint14 should be discernible.,11
350,The divergence in length between poedfint6 and pmoit9 should be apparent compared to the divergence in length between poigtt2 and poinjju9.,11
351,The dissimilarity in distance between u7Na and y9Px should be distinguishable from the dissimilarity in distance between t2Qb and v6Re.,11
352,The variation in separation between quasar11 and celestial8 should be evident compared to the variation in separation between nebula6 and firefly14.,11
353,The contrast in interval between Lm19 and G13a should be noticeable compared to the contrast in interval between Kp10b and S25q.,11
354,The discrepancy between the length from rtyt52 to rnrt13 and the length from trint8 to fhtnt2 should be observable.,11
355,The difference in distance between XG4T9 and PL72Q should be apparent compared to the difference in distance between R3J8F and YU91Z.,11
356,The distance between l9CmF and r2EwO must be greater than the distance between uP3z and fT7n.,6
357,The separation from loca to ation 3 should be greater than the separation from loon to ocek.,6
358,The interval between KT16W and MN5X7 ought to be greater than the interval between P9L2F and BQ3A7.,6
359,The space separating infinity9 and equator15 should exceed the space separating nebula6 and firefly15.,6
360,The span between qbu2 and vr98 must be greater than the span between A72cd and pqr.,6
361,The distance from Zz1xY2 to r44tD6 should be greater than the distance from m89k to BcP.,6
362,The measure of separation between  pdvint 13 and  pontt 5 should be greater than the measure of separation between  pbnt 16 and  poitrt 9.,6
363,The length between s1Sm and p5Un should be greater than the length between r6Vo and w4Wq.,6
364,The gap between Xa1c and D9bV must be greater than the gap between Hr5e and fJ2q.,6
365,The difference in distance between gJ4a and hS9kXp should be greater than the difference in distance between e5Bq and zL1f.,6
366,The discrepancy between the gap from HW8R4 to LK2J1 and the gap from TR5E6 to VD7F2 should be discernible.,11
367,The divergence in length between rrtnt 6 and pillnt 9 should be greater than the divergence in length between poipmmlt 2 and pilont 9.,6
368,The dissimilarity in distance between u7Yt and y9Zv should be greater than the dissimilarity in distance between t2Xw and v6Cf.,6
369,The variation in separation between quasar11 and celestial8 should be greater than the variation in separation between nebula6 and firefly14.,6
370,The contrast in interval between bbf19 and G13a should be greater than the contrast in interval between p10b and S25.,6
371,The difference in distance between ZP3K9 and XY78Q should be greater than the difference in distance between JG6T9 and PL4A7.,6
372,The distance between c6On and xY2mF must be greater than or equal to the distance between aD9p and wR4s.,8
373,The separation from ebvi to bnrkj should be greater than or equal to the separation from vekjj 93 to veoo56.,8
374,The interval between Lumin and Zypher ought to be greater than or equal to the interval between Blaze and Gale.,8
375,The space separating infinity9 and equator15 should be greater than or equal to the space separating nebula6 and firefly15.,8
376,The distance from PqR23 to Dd7Sd should be greater than or equal to the distance from yXc to 22ddG.,8
377,The measure of separation between  KDH 13 and  pFnt 5 should be greater than or equal to the measure of separation between  ERFnt 16 and  poVRF 9.,8
378,The length between s1Bg and p5Dh should be greater than or equal to the length between r6Ej and w4Fk.,8
379,The gap between cKl3 and Rf7o must be greater than or equal to the gap between M6nG and Yp2j.,8
380,The difference in distance between nT7v and k3MwGq should be greater than or equal to the difference in distance between bA2f and oZ5l.,8
381,The discrepancy between the gap from Astra to Nova and the gap from Cosmo to Luna should be discernible.,11
382,The dissimilarity in distance between u7Gi and y9Hm should be greater than or equal to the dissimilarity in distance between t2In and v6Jo.,8
383,The variation in separation between quasar11 and celestial8 should be greater than or equal to the variation in separation between nebula6 and firefly14.,8
384,The contrast in interval between cvo and G13a should be greater than or equal to the contrast in interval between Kp10 and fv25q.,8
385,The difference in distance between Neon and Electron should be greater than or equal to the difference in distance between Quasar and Galaxy.,8
386,The distance between sP8d and tL1jQ must be less than the distance between r6Vf and hC9x.,7
387,The separation from ckek9 to lsion ed should be less than the separation from loczd67 to cdk.,7
388,The interval between Solstice and Equinox ought to be less than the interval between Nimbus and Thunder.,7
389,The space separating infinity9 and equator15 should be less than the space separating nebula6 and firefly15.,7
390,The distance from K4lm to x99PpQ should be less than the distance from D1qwer to Zz9kpo.,7
391,The measure of separation between  VBRD 13 and  NRLFt 5 should be less than the measure of separation between  poVER 16 and  VRFR 9.,7
392,The length between s1Kp and p5Lq should be less than the length between r6Ms and w4Nt.,7
393,The gap between tF4w and P9zB must be less than the gap between Kq2d and lV7m.,7
394,The difference in distance between yS2p and dN5mR should be less than the difference in distance between f7Wk and mB4u.,7
395,The discrepancy between the gap from Abyss to Aether and the gap from Flare to Radiance should be noticeable.,11
396,The divergence in length between VRst 6 and pGT 9 should be less than the divergence in length between NFHl 2 and LKoR 9.,7
397,The dissimilarity in distance between u7Pu and y9Rv should be less than the dissimilarity in distance between t2Sx and v6Uy.,7
398,The variation in separation between xy45 and qwe8 should be less than the variation in separation between abcd6 and z12345.,7
399,The contrast in interval between lce and G13a should be less than the contrast in interval between K10b and vrq.,7
400,The discrepancy between the length from VRet 5 to Njnt 13 and the length from tOlp 18 to LMDc 2 should be observable.,11
401,The distance between e9Go and jH3zP must be less than or equal to the distance between tQ1y and gV6w.,9
402,The separation from location 6 to location 11 should be less than or equal to the separation from location 3 to location 17.,9
403,The interval between Eclipse and Twilight ought to be less than or equal to the interval between Dawn and Dusk.,9
404,The space separating mn9 and 987pq15 should be less than or equal to the space separating xyz6 and 1234lmn15.,9
405,The span between X1z2 and spqr must be less than or equal to the span between A72cd and bj836Yr.,9
406,The distance from f45G to hD0e4s should be less than or equal to the distance from w2q to Yy66R.,9
407,The measure of separation between  Vc 13 and  EIRL should be less than or equal to the measure of separation between  pdd345 16 and  OCIR9.,9
408,The length between s1Vz and p5Aw should be less than or equal to the length between r6Bx and w4Cy.,9
409,The gap between w6yE and S1xN must be less than or equal to the gap between G8aP and iO3h.,9
410,The difference in distance between iF5s and zX2rG should be less than or equal to the difference in distance between cL7n and bK4t.,9
411,The extent of separation between rstuvw13 and 456xy6 should be less than or equal to the extent of separation between a1b2c3d9 and efghij17.,9
412,The discrepancy between the gap from Mystic to Enigma and the gap from Harmony to Chaos should be noticeable.,11
413,The divergence in length between KEO 6 and PLDtS 9 should be less than or equal to the divergence in length between oiR 2 and ENdF 9.,9
414,The dissimilarity in distance between u7Dz and y9Fx should be less than or equal to the dissimilarity in distance between t2Gy and v6Hz.,9
415,The variation in separation between lmno11 and 7890efg8 should be less than or equal to the variation in separation between pqrst6 and hijklm14.,9
416,The contrast in interval between vti13 and G13a should be less than or equal to the contrast in interval between s10b and odl.,9
417,The discrepancy between the length from OEHH 5 to NCVE 13 and the length from FJJE 18 to nerf 2 should be observable.,11
418,The difference in distance between Infinity and Eternity should be less than or equal to the difference in distance between Zephyr and Tempest.,9
419,The spatial interval connecting EK Alpha and PoiBravo must not mirror the spatial interval connecting oarlie and ontta.,11
420,The physical gap between Structure A and Structure B must diverge from the physical gap between Structure C and Structure D.,11
421,The disparity in distance separating plyjatce from House 1 should not coincide with the disparity in distance separating Rtb from House 3.,11
422,The spatial distinction between tulu and ankee must be dissimilar to the spatial distinction between ngo and goxtrot.,11
423,The separation in distance linking v7kL and Q3bS must contrast with the separation in distance linking Uc2Z and Lp5e.,11
424,The gap between Locale Omega and Locale Kappa ought to vary from the gap between Locale Mike and Locale November.,11
425,The spatial differentiation between Site Quebec and Site Sierra should deviate from the spatial differentiation between Site Uniform and Site Victor.,11
426,The disparity in distance separating Place Golf from Dwelling 2 should not resemble the disparity in distance separating Place Lima from Dwelling 4.,11
427,The spatial interval connecting Zone Papa and Zone Oscar must differ from the spatial interval connecting Zone Romeo and Zone Sierra.,11
428,The separation in distance linking Venue Delta and Residence 1 should contrast with the separation in distance linking Venue Forot and Residence 3.,11
429,The distinction in distance separating  Charlie from PA must not mirror the distinction in distance separating  Bravo from IoC.,11
430,The disparity in distance separating bb65 from H8 should coincide with the disparity in distance separating W6 from M9.,10
431,The spatial distinction between xclu and Pcdkee must not deviate from the spatial distinction between Tan23 and incvedt.,10
432,The separation in distance linking N9gT and dF8r should match the separation in distance linking Tm6u and Cn4i.,10
433,The gap between sc13cga and Locapa ought to be the same as the gap between Loca3442e and F4cember.,10
434,The spatial differentiation between Sibec and xedrra should equal the spatial differentiation between PLI9orm and r13or.,10
435,The disparity in distance separating Plalf from Dwelling 2 should resemble the disparity in distance separating eLima from Dwelling 4.,10
436,The spatial interval connecting onV6apa and X2car must be equal to the spatial interval connecting A2omeo and B4Sra.,10
437,The separation in distance linking Venta and Residence 1 should match the separation in distance linking okotrot and Residence 3.,10
438,The distinction in distance separating Locaarlie from Poz DE must mirror the distinction in distance separating xravo from ZFC.,10
439,The spatial interval connecting Point ERDha and cvbBvo must equal the spatial interval connecting trlie and lta.,10
440,The physical gap between thtruA and SreB must be equal to the physical gap between ureCdee and eD.,10
441,The disparity in distance separating  rer from House 1 should coincide with the disparity in distance separating  W from House 3.,10
442,The spatial distinction between Point ocepu and cevfkee must not deviate from the spatial distinction between nTGo 32 and o23t.,10
443,The separation in distance linking Z2vX and jK5p should match the separation in distance linking Xh1Y and R6sB.,10
444,The gap between cjejr and ceoOSK2 ought to be the same as the gap between C0OEDke and vOD89.,10
445,The spatial differentiation between 9JTc and NGii7ra should equal the spatial differentiation between NYFTF8orm and 0LKUPM.,10
446,The disparity in distance separating xlaslf from Dwelling 2 should resemble the disparity in distance separating lsizma from Dwelling 4.,10
447,The spatial interval connecting cefk24 and vnscar must be equal to the spatial interval connecting 7Wkmeo and merra.,10
448,The distinction in distance separating  Che from OnvA must mirror the distinction in distance separating  avo from ce23C.,10
449,The separation between House 1 and lkrglk needs to be equal to the separation between fe and W.,10
450,The spatial interval connecting pxha and oij must equal the spatial interval connecting Cchfh and De90.,10
451,The physical gap between tdx12A and deurB must be equal to the physical gap between SteCfed and ezeD.,10
452,The spatial distinction between Point Zulu and Point Yankee must not deviate from the spatial distinction between Point Tango and Point Foxtrot.,10
453,The separation in distance linking E3yA and Y4tO should match the separation in distance linking hW7z and Bq2m.,10
454,The gap between FFFVa and Lof33 ought to be the same as the gap between FFJ7890 and VLOE54.,10
455,The distance between A and B should be less than the distance between Cde and D.,7
456,The spatial interval connecting Pa and Poio must be less than the spatial interval connecting lie and a.,7
457,The physical gap between e13 and z must be less than the physical gap between v and d.,7
458,The disparity in distance separating fs0 from u 1 should be less than the disparity in distance separating c97 from z24.,7
459,The spatial distinction between Plu and Pe must not exceed the spatial distinction between o and rot.,11
460,The separation in distance linking Position ho and el should be less than the separation in distance linking ia and Po.,7
461,The gap between ga and pa ought to be smaller than the gap between ike and mber.,7
462,The spatial differentiation between uebec and Sra should be less than the spatial differentiation between Sform and Sir.,7
463,The disparity in distance separating Plf from Dw 2 should be less than the disparity in distance separating P876 from g 4.,7
464,The spatial interval connecting Zona and Zar must be less than the spatial interval connecting Reo and ZoeSia.,7
465,The separation in distance linking Venulta and Reside should be less than the separation in distance linking Vextrot and Re.,7
466,The distinction in distance separating Locarlie from PoA must be smaller than the distinction in distance separating  Br from C.,7
467,The separation between Ho1 and SZ needs to be less than the separation between Y3 and Sce.,7
468,The spatial interval connecting Ppha and Pravo must be less than the spatial interval connecting e23 and Polta.,7
469,The physical gap between SA and StreB must be less than the physical gap between ctC and ureD.,7
470,The disparity in distance separating LoX from oe1 should be less than the disparity in distance separating on2 from Ertp0.,7
471,The spatial distinction between lu and ee must not exceed the spatial distinction between Pgo and Prot.,11
472,The separation in distance linking Poscho and Pol should be less than the separation in distance linking ia and iet.,7
473,The gap between La and Lappa ought to be smaller than the gap between ike and Lber.,7
474,The spatial differentiation between bec and Srra should be less than the spatial differentiation between Siorm and sor.,7
475,The disparity in distance separating Plsf from azd3 should be less than the disparity in distance separating Szma from DZ2.,7
476,The spatial interval connecting Za and Zr must be less than the spatial interval connecting Za and Zosne.,7
477,The separation in distance linking Venta and Residence 1 should be less than the separation in distance linking VFot and Residence 3.,7
478,The distinction in distance separating Locnlie from Po A must be smaller than the distinction in distance separating avo from Po2.,7
479,The spatial interval connecting Point JDJ and Point 99rvo must be less than the spatial interval connecting Point ie and Point dzd.,7
480,The physical gap between rfA and escB must be less than the physical gap between Cxc776 and urece.,7
481,The disparity in distance separating sdion 90 from House 1 should be less than the disparity in distance separating Lozon W from House 3.,7
482,The spatial distinction between Point lu and Point kdee must not exceed the spatial distinction between Point dcgo and Point FoDcet.,11
483,The separation in distance linking Dd6e and L5oV should be less than the separation in distance linking O8cG and Uf3j.,7
484,The gap between AZERa and cevpe ought to be smaller than the gap between PMOFe and LVDOe,7
485,The separation between H1 and OPL needs to be less than or equal to the separation between nrfs and W.,9
486,The spatial interval connecting P78 and Pio must be less than or equal to the spatial interval connecting L and A.,9
487,The disparity in distance separating dfTY from lU1 should be less than or equal to the disparity in distance separating Cce from Z234.,9
488,The spatial distinction between P134 and Plrgl must not exceed the spatial distinction between Oy7 and R.,7
489,The gap between gg3 and Pben ought to be smaller than or equal to the gap between I and M.,9
490,The disparity in distance separating Ff78 from oep9 should be less than or equal to the disparity in distance separating Ppo from G4.,9
491,The separation in distance linking V and vorip67 should be less than or equal to the separation in distance linking V and R3.,9
492,The spatial interval connecting P678 and Pdbj must be less than or equal to the spatial interval connecting OpE and P.,9
493,The disparity in distance separating Elmdp from H1 should be less than or equal to the disparity in distance separating Or4 from dce3.,9
494,The distinction in distance separating L from Pcne must be smaller than or equal to the distinction in distance separating PLkn from em7.,9
495,The spatial distinction between Zc7 and Ybn6 must not exceed the spatial distinction between Ty23 and F46.,11
496,The gap between OrT3 and Kio9 ought to be smaller than or equal to the gap between M and N18.,9
497,The separation in distance linking jhE and F90 should be greater than the separation in distance linking G89 and Hu7.,6
498,The separation in distance linking pmPO and Y657 should be greater than the separation in distance linking PO78 and Y3.,6
499,The spatial interval connecting PUdj34 and Py123 must be greater than the spatial interval connecting dfE and F67.,6
500,The disparity in distance separating PO78 from H1 should be greater than the disparity in distance separating O99 from geil52.,6
501,The spatial interval connecting JKND and R must be greater than the spatial interval connecting ZLI and Z578.,6
502,The distinction in distance separating L from Pz5 must be greater than the distinction in distance separating Pcg5 from oo9.,6
503,The separation between aE4 and fg8 needs to be greater than the separation between C3 and W.,6
504,The spatial interval connecting P78 and hkl must be greater than the spatial interval connecting GFEE and F45.,6
505,The gap between O and K ought to be greater than the gap between uNi8 and N.,6
506,The distance between vcd2 and Q7 should be greater than or equal to the distance between nvr5 and Y1.,8
507,The physical gap between U7 and V2 must be greater than or equal to the physical gap between eRtf0 and QS9.,8
508,The disparity in distance separating sfe234 from Q8 should be greater than or equal to the disparity in distance separating R1 from rt434.,8
509,The spatial distinction between A2 and gt9 must not exceed the spatial distinction between hjO7 and D4.,11
510,The separation in distance linking ee5 and F8 should be greater than or equal to the separation in distance linking G3 and h1k23.,8
511,The gap between I1 and J6 ought to be greater than or equal to the gap between K4 and pler98.,8
512,The disparity in distance separating el23 from T2 should be greater than or equal to the disparity in distance separating U5 from V8.,8
513,The spatial interval connecting Z7 and A3 must be greater than or equal to the spatial interval connecting B1 and C4.,8
514,The separation in distance linking P2 and Y7 should be greater than or equal to the separation in distance linking UNSB9 and Y5.,8
515,The distinction in distance separating io3 from Q6 must be greater than or equal to the distinction in distance separating qaz9 from y2.,8
516,The distance between zkd5 and bb2 should be greater than or equal to the distance between G90 and D1.,8
517,The separation between H3 and kgor233 needs to be greater than or equal to the separation between Y4 and S1.,8
518,The spatial interval connecting P6 and P7 must be greater than or equal to the spatial interval connecting E2 and F9.,8
519,The physical gap between A9 and B5 must be greater than or equal to the physical gap between C6 and D3.,8
520,The disparity in distance separating NEGD8 from H4 should be greater than or equal to the disparity in distance separating O3 from H9.,8
521,The spatial distinction between L7 and E5 must not exceed the spatial distinction between P4 and Q2.,11
522,The separation in distance linking E8 and H2 should be greater than or equal to the separation in distance linking I9 and J3.,8
523,The gap between L1 and lkl2 ought to be greater than or equal to the gap between I4 and L5.,8
524,The spatial differentiation between B3 and S7 should be greater than or equal to the spatial differentiation between S9 and hhh6.,8
525,The disparity in distance separating fgT56 from S2 should be greater than or equal to the disparity in distance separating S4 from D2.,8
526,The spatial interval connecting Z5 and wqs9 must be greater than or equal to the spatial interval connecting Z8 and Z1.,8
527,The separation in distance linking V3 and R7 should be greater than or equal to the separation in distance linking V6 and R9.,8
528,The distinction in distance separating L2 from i9 must be greater than or equal to the distinction in distance separating kl3 from P5.,8
529,The distance between J9 and B2 should be greater than or equal to the distance between C1 and S6.,8
530,The separation between A5 and ERT8 needs to be greater than or equal to the separation between C9 and W3.,8
531,The spatial interval connecting P3 and P9 must be greater than or equal to the spatial interval connecting E4 and F7.,8
532,The physical gap between A1 and SB6 must be greater than or equal to the physical gap between C8 and CD3.,8
533,The disparity in distance separating lpok6 from U4 should be greater than or equal to the disparity in distance separating C7 from Z9.,8
534,The spatial distinction between Z3 and Y8 must not exceed the spatial distinction between T5 and F2.,11
535,The separation in distance linking E9 and F5 should be greater than or equal to the separation in distance linking G2 and H7.,8
536,The gap between O6 and K3 ought to be greater than or equal to the gap between M8 and N1.,8
537,The separation in distance linking dvk and F23 should be greater than the separation in distance linking Gde23 and H78.,6
538,The distance between vnkJ and lgkB should be greater than the distance between CDf23 and S8Nk.,6
539,The gap between L23s and flr ought to be greater than the gap between frf and cdel.,6
540,The separation between H41 and SD45 needs to be greater than the separation between P0OL3 and ILJ9.,6
541,The spatial differentiation between gsd and kfiN should be greater than the spatial differentiation between Odh and fkr34.,6
542,The spatial interval connecting Rclo and Sio must be greater than the spatial interval connecting LPk9 and Dep.,6
543,The disparity in distance separating Csi from U231 should be less than or equal to the disparity in distance separating Ceo9 from ZFF5.,9
544,The spatial distinction between dot 34 and HNE must not exceed the spatial distinction between POi6 and N35J.,11
545,The distinction in distance separating Dlvro from Pc must be smaller than or equal to the distinction in distance separating cdlck from lvrk.,9
546,The separation in distance linking Hy6 and vE should be less than or equal to the separation in distance linking clo0 and JDEdd3.,9
547,The distance between A342 and N4B should be less than or equal to the distance between Ccez and OOL.,9
548,The distance between fktvi99 and cdko00 should equal the distance between Cdrd and Dktg.,10
549,The separation between Hse1 and KmD needs to be equal to the separation between ttyer5 and WD3.,10
550,The spatial interval connecting DP34 and VS0O must equal the spatial interval connecting Kbu7 and Lc24.,10
551,The spatial distinction between xzeZ and crgY must not exceed the spatial distinction between TLI0 and F3d4.,11
552,The separation in distance linking IKE and HLOz2 should be greater than the separation in distance linking IEpf and JDMK.,6
553,The distance between rf and rgyh should be greater than the distance between Cdf23 and vdvt.,6
554,The gap between zrf and vtrvr ought to be greater than the gap between Kp0 and vrgt 34.,6
555,The separation between nJKl9 and vtB needs to be greater than the separation between buC3 and Dffr.,6
556,The physical gap between btu6 and SB12 must be less than or equal to the physical gap between Cnbdg and C34D.,9
557,The spatial interval connecting Zct9 and dvR must be less than or equal to the spatial interval connecting ZIk and ZZ23.,9
558,The separation between tvv and iob needs to be less than the separation between evszp64 and evtr.,7
559,The distance between efov4 and pvrl should equal the distance between Cdzdz and vmrp.,10
560,The separation between Hf45 and fer4l needs to be equal to the separation between dC3 and vrp.,10
561,The spatial differentiation between Mbt5 and Nu9 should be greater than or equal to the spatial differentiation between Obty1 and ii45.,8
562,The spatial interval connecting lRli8 and S3o must be greater than or equal to the spatial interval connecting Llo6 and Mbj1.,8
563,The disparity in distance separating inN5 from Uxr1 should be greater than the disparity in distance separating Cvg from Zfl.,6
564,The separation in distance linking Vby and yut should be greater than the separation in distance linking t66V and Rcr3.,6
565,The spatial distinction between Lvfr and YHE must not exceed the spatial distinction between Pnk and Qgt34.,11
566,The distinction in distance separating Ploon from Qvi must be greater than the distinction in distance separating ttvR from Sgt5.,6
567,The distance between P975 and tyvQ should be greater than the distance between JKI and Yvyu.,6
568,The spatial interval connecting P123 and Pwx must be less than or equal to the spatial interval connecting CVE and vhy.,9
569,The disparity in distance separating vy6F from ver56 should be less than or equal to the disparity in distance separating ny78S from lkd.,9
570,The physical gap between cert45 and Bf65 must be less than or equal to the physical gap between Cce and D 567.,9
571,The spatial interval connecting Zlzdi and irlR must be less than or equal to the spatial interval connecting Rvrgr and Zrfg.,9
572,The distance between JZ and vgrB should be less than the distance between ce and SK.,7
573,The disparity in distance separating ccatx 234 from Hod 1 should coincide with the disparity in distance separating Locon W from Hosg.,10
574,The separation in distance linking cevrta and sfid3 should match the separation in distance linking Vextr23ot and esid3.,10
575,The distance between eff and xevt should be equal to the distance between de34v and DRFGR.,10
576,The difference in distance between Supernova and Nebula should be less than the difference in distance between Celestial and Spectre.,7
577,The separation between Afr4 and Bvr6 needs to be greater than or equal to the separation between Cfr2 and Dd9.,8
578,The physical gap between er34A and SBr must be greater than the physical gap between erC5 and CetD.,6
579,The spatial distinction between Axrf and erer must not exceed the spatial distinction between Cde34 and Dde3.,11
580,The separation between cH1 and dop needs to be less than or equal to the separation between lKJ7 and Wcr.,9
581,The spatial differentiation between Bdvv and vfgvS should be less than or equal to the spatial differentiation between vtS and Scd.,9
582,The physical gap between dE and Zjeu7 must be less than or equal to the physical gap between Vdef and Drv.,9
583,The distance between frA and E66 should be less than the distance between Cv13 and ZES.,7
584,The separation between use 1 and O90 needs to be less than the separation between lvrm and Wdrt.,7
585,The extent of separation between supeo1fe3 and mo3s6 should be less than the extent of separation between okniy9 and equinox17.,7
586,The span between pld and dvkjhi must be less than the span between dcd and kdvjkY673.,7
587,The discrepancy between the length from EFt 5 to VFRVc13 should be greater than or equal to the length from LVR 18 to VRGt 2.,8
588,The extent of separation between ern12 34 and odZ6 should contrast with the extent of separation between efetd9 and qin17.,11
589,The discrepancy between the length from fhtnt 5 to ptht 13 should be greater than the length from hotuint 18 to poZAuunt 2.,6
590,The disparity in distance separating F89 from ort2 should be greater than the disparity in distance separating byS from dd122.,6
591,The physical gap between hyA and Bili must be greater than the physical gap between Cv77 and Dgt.,6
592,The spatial interval connecting Zcdf and Ahb must be greater than the spatial interval connecting ilB and Chui.,6
593,The spatial differentiation between cryQ and byyn should be less than or equal to the spatial differentiation between hykt and fgt.,9
594,The spatial differentiation between cgB23 and c5fr should be greater than the spatial differentiation between fvh45 and Sh6t.,6
595,The disparity in distance separating cSg from T5b should be greater than the disparity in distance separating UBT6 from VT4.,6
596,The distance between Avt and ERE should be less than or equal to the distance between Czr and Ztg.,9
597,The physical gap between vtg and unk must be equal to the physical gap between Csc and Dnju,10
598,The separation between rxs5 and point 3 should not equal 7,17
599,The gap from location1 to location2 must not match 9,17
600,The measure of separation between g5 and reg should not equal 8,17
601,The gap between position 3 and position 8 should not equal 20,17
602,The length between QwEr and dTyHj should be different than 8.,17
603,The separation between p77 and A8 should not equal 7.,17
604,The gap between on 3 and posi8 should not equal 20.,17
605,The length between AqWsH and ByFt9R should be different than 8,17
606,The gap between node5 and node9 should not exceed 12.,17
607,The measure of separation between vertex4 and vertex8 must not be equal to 15.,17
608,The separation between ZxYbRa and bK8T4 should equal 7.,16
609,The gap from loc4 to ls2 must match 9.,16
610,The gap between UK8763 and plcekion8 should equal 20.,16
611,The measure of separation between vex and rtex must be 45.,16
612,The duration from event1 to event3 should equal 7 hours.,16
613,The gap between cityA and cityB must match a distance of 50 kilometers.,16
614,The measure of separation between objectA and objectB should equal 5 units.,16
615,The length between destinationX and destinationY must be exactly 100 meters.,16
616,The gap between index3 and index9 should equal 6.,16
617,The distance between station1 and station2 should be identical to 2 miles.,16
618,The gap from JJJ to AZ must be less than 9.,13
619,The gap between OExc and 9LKHvc should be less than 20.,13
620,The measure of separation between DFGVE5 and dfvv must be less than 453.,13
621,The duration from evt45 to eIUHN should be less than 87 hours.,13
622,The measure of separation between bjtA and ectB should be less than 235 units.,13
623,The length between stiionX and tinati must be less than 100 meters.,13
624,The gap between lso and p8Opp should be less than or equal to 20.,15
625,The measure of separation between FVV and Nkv8 must be less than or equal to 0.,15
626,The duration from CEjd to FKJ87 should be less than or equal to 7 hours.,15
627,The measure of separation between Z3jA and cfct should be less than or equal to 5 units.,15
628,The length between de875onX and dssz must be less than or equal to 750 meters.,15
629,The gap between osonZ and JHNL87 should be greater than 20.,12
630,The measure of separation between OG7 and 76TG must be greater than 76.,12
631,The duration from v9YHJ to e67nt should exceed 7 hours.,12
632,The measure of separation between KJG09876 and G6GJ5G should be greater than 5 units.,12
633,The length between dPKJHFG and 999Jatio must be greater than 100 meters.,12
634,The gap from home3 to vgg must be greater than or equal to 9.,14
635,The gap between omoP0983 and pt23En8 should be greater than or equal to 20.,14
636,The measure of separation between OKNne and OJYH must be greater than or equal to 15.,14
637,The duration from KIGF to cent should exceed or equal 7 hours.,14
638,The measure of separation between KNZ7c and HGHJ77 should be greater than or equal to 5 units.,14
639,The length between JB67 and JUZK8Y must be greater than or equal to 100 meters.,14
640,The required span from month4 to lease3 must measure precisely 32 units.,16
641,"The discrepancy between cv35 and omo2 should amount to 9, absolute in value.",16
642,The absolute difference between Quantity K1 and Quantity K99 should equal 9 units.,16
643,The separation between Phase 1 and Phase 2 must measure exactly 20 units.,16
644,The magnitude of the dissimilarity between Key K1 and Key K99 should equal 9.,16
645,The required gap between Site 1 and Site 2 should be exactly 20 units.,16
646,The absolute disparity between Value K1 and Value K99 must equal 9 units.,16
647,The separation between Segment 1 and Segment 2 must measure exactly 20 units.,16
648,The interval between Region 1 and Region 2 must be 9 units apart in absolute terms.,16
649,The discrepancy between Parameter P1 and Parameter P99 should amount to 32.,16
650,"The separation between Stage 1 and Stage 2 must be equal to 9, absolute in value.",16
651,The absolute difference between Item K1 and Item K99 should equal 9 units.,16
652,The required span from gh to place3 must not measure 23 units.,17
653,Maintain a gap different than 15 units between 24Ds and Z23Z.,17
654,"The discrepancy between DC675 and LKIK0 should not amount to 7, absolute in value.",17
655,The interval between Checkpoint A and Checkpoint B must not be 19 units long.,17
656,the distance between C and House5 must not equal 9,17
657,The required span from N to c must be greater than 23 units.,12
658,Maintain a gap greater than 15 units between d1 and e.,12
659,"The discrepancy between Z5 and t0 should be greater than 7, absolute in value.",12
660,Ensure a distance greater than 27 is maintained between YJKd and o6U3.,12
661,The distance between 3JKC and HoJK5 must be greater than 9.,12
662,The required span from JS to P900 must be greater than or equal to 30 units.,14
663,Maintain a gap greater than or equal to 12 units between d1 and e.,14
664,Ensure a distance greater than or equal to 35 is maintained between sd and pknd.,14
665,The distance between C23 and HLse must be greater than or equal to 7.,14
666,The required span from GHJ to BB must be less than 50 units.,13
667,Maintain a gap less than 30 units between d1 and e.,13
668,"The discrepancy between 2Z5 and ppid0 should be less than 12, absolute in value.",13
669,Ensure a distance less than 35 is maintained between E90 and LHONukl.,13
670,The distance between CI90 and Oplm must be less than 15.,13
671,The required span from A to SS must be less than or equal to 55 units.,15
672,Maintain a gap less than or equal to 35 units between d1 and e.,15
673,"The discrepancy between NGCv5 and sid 0 should be less than or equal to 15, absolute in value.",15
674,Ensure a distance less than or equal to 40 is maintained between KJHNd and oRT7.,15
675,The separation between NodeA and KaB must be less than or equal to 30 units precisely.,15
676,The distance between C and ERHJ must be less than or equal to 20.,15
677,The distance between ABC2 and Fy56 must be less than or equal to 1290.,15
678,The length between Mn12 and vB3uH should be equal to 8.,16
679,The length between fH6G7 and TqP3E should be equal to 9.,16
680,The separation between r88tG and LfH3j should be less than 7.,13
681,The length between vF5Df and m2r9Q should be less than 8.,13
682,The length between pJ6Bf and jX7Rk should be less than 9.,13
683,The separation between rTt and lD9Vt should be less than or equal to 7.,15
684,The length between KkDq and Q3Hv should be less than or equal to 8.,15
685,The length between r7gHt and qJ5Oj should be less than or equal to 9.,15
686,The separation between mR3z and cE3Bh should be greater than 7.,12
687,The length between pXw6k and aD3Ht should be greater than 8.,12
688,The length between v2fNj and xU7Ug should be greater than 9.,12
689,The separation between m3Qwe and zP4Vq should be greater than or equal to 7.,14
690,The length between tL0Gh and fP3Tt should be greater than or equal to 8.,14
691,The length between l7wFg and iR3Ej should be greater than or equal to 9.,14
692,The interval between AJ2x4 and BbTyT9 must be 20 units long.,16
693,The required span from xM1L9 to yT2Ht should measure precisely 20 meters.,16
694,The required gap between A3p9H and bBbN6 should be exactly 32 units.,16
695,Ensure a distance of 27 is not maintained between pGm4Vx and Qh8lM.,17
696,Keep a distance different than 33 meters between aQ7Ht and bM9Lq.,17
697,The required span from Xr7tH to yN9Jh should not measure precisely 15 meters.,17
698,Maintain a distance different than 21 steps between pP2Rt and qE7Mj.,17
699,The required gap between A2fGh and bQ8Lm should not be exactly 27 units.,17
700,The interval between Aq7tY and bPrR7x must be greater than 19 units long.,12
701,Keep a distance greater than 33 meters between aJ4Vt and BU6lP.,12
702,Maintain a gap greater than 36 units between x9XvD and Yj3Tm.,12
703,The required span from X7mTH to yL5pJ should measure greater than 15 meters.,12
704,Maintain a distance greater than 21 steps between PE7fR and qK2gM.,12
705,"The discrepancy between Zo5AT and pLp100V should be greater than or equal to 5, absolute in value.",14
706,The interval between Aw3kT and BQbR8 must be greater than or equal to 15 units long.,14
707,Keep a distance greater than or equal to 30 meters between a1Y1t and bBp7q.,14
708,Maintain a gap greater than or equal to 33 units between xB8tW and yU2mH.,14
709,The required span from Xr7tH to yN9Jh should measure greater than or equal to 14 meters.,14
710,Maintain a distance greater than or equal to 19 steps between P9fJm and qL2Wj.,14
711,The interval between Atx2k and bQkR7x must be less than 25 units long.,13
712,Keep a distance less than 50 meters between aX4Tm and bY7Kj.,13
713,Maintain a gap less than 60 units between xM9Gt and yR2kh.,13
714,The required span from XTk7Lm to yH2Tb should measure less than 20 meters.,13
715,Maintain a distance less than 30 steps between Pa3Zq and qN6Mk.,13
716,The interval between Aq2hT and bpR5q must be less than or equal to 30 units long.,15
717,Keep a distance less than or equal to 55 meters between aX8vt and bM3pP.,15
718,Maintain a gap less than or equal to 65 units between xE4Jt and yB9Lk.,15
719,The required span from XqT5Nj to yU7Trm should measure less than or equal to 25 meters.,15
720,Maintain a distance less than or equal to 35 steps between PDf9R and qJ2Vx.,15
721,The distance between Xy7dE and mZ2fX should be distinct from 0.,17
722,The distance between Tj3L and nRm4 should be distinct from 718.,17
723,The distance between Gg9fS and rtV2Kl should be identical to 12.,16
724,The distance between Qb3Tq and e7gKrF should be less than 987.,13
725,The distance between Aq7TgE and Hf2vFp should be less than or equal to -182.,15
726,The distance between zR8q and mYk1p should be greater than 68.,12
727,The distance between Pk6mVj and eT9nD should be greater than or equal to 12.,14
728,The gap from pTq7j to xYz4T must not match 12.,17
729,The gap from hJ1f to vFkm must be less than or equal to -18.,15
730,The gap from JJJ2d to rTm2Ae must be greater than 390.,12
731,Maintain a distance different than 38 steps between locXr and locYt.,17
732,Maintain a distance greater than 38 steps between locMf and locNu.,12
733,Maintain a distance greater than or equal to 40 steps between locJg and locKj.,14
734,Maintain a distance less than 45 steps between locRt and locSh.,13
735,Maintain a distance less than or equal to 50 steps between locPm and locQw.,15
736,The separation between Xy7dE and mZ2fX should contrast with 245.,17
737,The measure of separation between Mc3tr and xR9BtYqP should not equal 34.,17
738,The separation between AF33 and B7ffs should contrast with 56.,17
739,The measure of separation between KfD1mC and Pg1x9j5R should equal -6788.,16
740,The separation between C3hGF and D7oJfd should be precisely 77.,16
741,The separation between E3gkD and F7deOj should be less than 35.,13
742,The measure of separation between UV and V29nH should be less than or equal to 668.,15
743,The separation between G3KbV and H7dRTW should be less than or equal to 453.,15
744,The measure of separation between ON1vC and S2zRx should be greater than 988.,12
745,The separation between I3wD and J7e3S should be greater than 243.,12
746,The measure of separation between Country1Pq and og2AB should be greater than or equal to 4.,14
747,The separation between K3bQz and L7o9Jp should be greater than or equal to 45.,14
748,The measure of separation between KfD1hR and Pg1x9j2W should equal 444.,16
749,The measure of separation between P3rTy and eLgHm2r should be less than 23.,13
750,The distance between Qs7T and VjP4zH should be dissimilar to 10.,17
751,The distance between Lm6Fw and Gk1vXjZs should be dissimilar to 234.,17
752,The distance between Z3Gt and Pq4yH should be exactly 10.,16
753,The separation between Qp7rL and Zg9KtF should be precisely 244.,16
754,The distance between Ke3Y and Cx1Wj should be less than 90.,13
755,The separation between Zk8V and Oq5Gp should be less than 0.,13
756,The distance between Jh4D and Nt3Xc should be less than or equal to 13.,15
757,The separation between Zx2A and Pr9UwB should be less than or equal to 56.,15
758,The distance between eM9F and yJ2Z should be greater than 35.,12
759,The separation between Yr8J and Qf1dS should be greater than 63.,12
760,The distance between Zx1BvR and Ut3A should be greater than or equal to -189.,14
761,The separation between Qs5tD and Nc7XjMz should be greater than or equal to 10.,14
762,The distance between pAq2W and TjL4k should equal 12.,16
763,The distance between qZr9g and eNt3P should not exceed 86.,17
764,The distance between xY7j and hM5bD should not exceed 3.,17
765,The distance between cGh7K and vB2qR should exceed -78.,12
766,The distance between pJ8mSd and xT9cG should exceed or equal 976.,14
767,The separation between Tm4aB and Gp2kH must equal 20 units precisely.,16
768,The separation between Ex8cL and sV3fX must measure exactly 32 units.,16
769,The separation between zY9wD and qN7pE must not equal 18 units precisely.,17
770,The separation between fR6uH and Kt2bM must not measure exactly 33 units.,17
771,The separation between VqP8wE and AkbM must be greater than 18 units precisely.,12
772,The separation between RxA9dE and DkY2nC must measure greater than 33 units.,12
773,The separation between jZ9mB and Qp6uRyT must be greater than or equal to 20 units precisely.,14
774,The separation between Df6bM and Cx1sV must measure greater than or equal to 28 units.,14
775,The separation between Ty4eK and XhM7qBvS must be less than 25 units precisely.,13
776,The separation between Tz5cV and IaM2kF must measure less than 50 units.,13
777,The separation between qV9nT and sPlB must measure less than or equal to 55 units.,15
778,The gap between qA5p and wJ9mF should be less than 6.,13
779,The gap between xK4nS and tR2dV should be less than or equal to -9.,15
780,The gap between zP8rHj and yT3mBc should be greater than 136.,12
781,The gap between lO7wD and qV5dE should be greater than or equal to 2445.,14
782,The magnitude of the difference between Kx2cZ and Kj9lPq should equal 34.,16
783,The magnitude of the difference between Df4nL and Vm1jP should not equal 8.,17
784,The magnitude of the difference between Fq8dM and Hh6sXz should be greater than 345.,12
785,The magnitude of the difference between Jg7rN and Wp2xT should be greater than or equal to 10.,14
786,The magnitude of the difference between Uj9yR and Zk3wF should be less than 16.,13
787,The magnitude of the difference between Mv2cD and Xk9lV should be less than or equal to 18.,15
788,The distance between qH5p and fR9jF should be less than 2 miles.,13
789,The distance between xK4nS and wR2dG should be less than or equal to 2 miles.,15
790,The distance between zP8rHj and yT3mBc should be greater than 2 miles.,12
791,The distance between lO7wD and qV5dE should be greater than or equal to 2 miles.,14
792,The required extent from mV2cZ to fKj9lP should be exactly 20 meters.,16
793,The required extent from aD5sL to pV6jT should not be exactly 14 meters.,17
794,The required extent from fQ8dE to hM6sZk should be greater than 14 meters.,12
795,The required extent from jG7rF to wP2xFz should be greater than or equal to 20 meters.,14
796,The required extent from dJ9yQ to vZ3wRc should be less than 30 meters.,13
797,The required extent from cM2nD to tK9lV should be less than or equal to 35 meters.,15
798,The gap between v7 and rX must be less than 50 kilometers.,13
799,The gap between jH2 and uP must be less than or equal to 34.,15
800,The gap between w3q and d8w must be greater than 73.,12
801,The gap between s7d9 and aH5 must be greater than or equal to 759.,14
802,The required extent from xYz to q2L should be exactly 32.,16
803,The required extent from p5F to hA1 should not be exactly 45 kilometers.,17
804,Ensure a span of 18 is not maintained between nB6 and yTq.,17
805,The required extent from f8X to t2R should be greater than 45.,12
806,The required extent from gG4 to rKs should be greater than or equal to 50 kilometers.,14
807,Ensure a span greater than or equal to 16 is maintained between eV2 and mN5.,14
808,The required extent from b7W to s6Z should be less than 60 kilometers.,13
809,The required extent from oH3 to uJ8 should be less than or equal to 65 kilometers.,15
810,Ensure a span less than or equal to 45 is maintained between c1D and pT4.,15
811,The magnitude of the dissimilarity between aH2 and rT8 should equal 628.,16
812,"Keep a gap different than 3 units between fX6 and mB7, with the absolute difference.",17
813,The magnitude of the dissimilarity between pL9 and tQ2 should not equal 7.,17
814,"Keep a gap greater than 3 units between sG4 and uZ5, with the absolute difference.",12
815,The magnitude of the dissimilarity between dY1 and vW3 should be greater than 7.,12
816,"Keep a gap greater than or equal to 2 units between jK5 and xN9, with the absolute difference.",14
817,The magnitude of the dissimilarity between qR7 and lM8 should be greater than or equal to 9.,14
818,"Keep a gap less than 5 units between wP4 and zC6, with the absolute difference.",13
819,"Keep a gap less than or equal to 7 units between eS2 and bF3, with the absolute difference.",15
820,The magnitude of the dissimilarity between hV6 and nU9 should be less than or equal to 14.,15
821,The absolute difference between mJ7x and fT2z should not equal 12.,17
822,The absolute difference between qR5y and hK9w should be greater than 234.,12
823,The absolute difference between dP8v and lC3u should be greater than or equal to 8 units.,14
824,The absolute difference between aW2s and rN4t should be less than 10 units.,13
825,The absolute difference between pE6y and gQ1x should be less than or equal to 12 units.,15
826,The separation between aH7d and rT3m must not measure exactly 16 units.,17
827,The separation between qF9x and wZ5n must measure greater than 16 units.,12
828,The separation between dK2y and vP8e must measure greater than or equal to 18 units.,14
829,The separation between sW6p and lM1f must measure less than 30 units.,13
830,The separation between cG4q and tN5z must measure less than or equal to 35 units.,15
831,The magnitude of the dissimilarity between 8y and AB12z should not equal 12.,17
832,The magnitude of the dissimilarity between KLM9 and PQR4 should be greater than 12.,12
833,The magnitude of the dissimilarity between 3D12 and XYZ78 should be greater than or equal to 15.,14
834,The magnitude of the dissimilarity between PQRS2 and JKL6 should be less than 20.,13
835,The magnitude of the dissimilarity between MNO7 and 2EF11 should be less than or equal to 22.,15
836,The required gap between 9a and Y12z should not be exactly 17 units.,17
837,The required gap between LKJ6 and MNO2 should be greater than 134.,12
838,The required gap between P1q and R8b should be greater than or equal to 16 units.,14
839,The required gap between STU5 and V2c should be less than 30 units.,13
840,The required gap between W3d and EF9 should be less than or equal to 35 units.,15
841,The absolute disparity between Z9xy and A12Bz must not equal 6 units.,17
842,The absolute disparity between Lm8n and X87Bq must be greater than 6 units.,12
843,The absolute disparity between D1tG and W78kL must be greater than or equal to 13.,14
844,"The separation between RQ1o and T2xz must be greater than or equal to 5, absolute in value.",14
845,The absolute disparity between F3rp and IJK12s must be less than 15 units.,13
846,The absolute disparity between Cb9v and G2kj must be less than or equal to 17 units.,15
847,The separation between Tm4qa and U7vg must not measure exactly 21 units.,17
848,The separation between Sa8M and zB56 must measure greater than 21 units.,12
849,The separation between OX9i and PD31m must measure greater than or equal to 23 units.,14
850,The separation between wQ4sR and L8fn must measure less than 35 units.,13
851,The separation between YT9dA and RF2bb must measure less than or equal to 40 units.,15
852,The interval between Ix8z and zW7H must not be 7 units apart in absolute terms.,17
853,The interval between A4msP and tI9v must be greater than 344 units apart in absolute terms.,12
854,The interval between cK2nd and hB67F must be greater than or equal to 25 units apart in absolute terms.,14
855,The interval between H3na and K2mjO must be less than 60 units apart in absolute terms.,13
856,The interval between sD4fl and ZK9jR must be less than or equal to 70 units apart in absolute terms.,15
857,"The separation between L7oQA and R4dP must not be equal to 6, absolute in value.",17
858,"The separation between tV6qZ and mI2Y must be greater than 6, absolute in value.",12
859,"The separation between nF4jH and hK8rU must be less than 10, absolute in value.",13
860,"The separation between W3DkM and Y2tP must be less than or equal to 12, absolute in value.",15
861,The absolute difference between U3vH and nY8k must not equal 4 units.,17
862,The absolute difference between Lx6fR and O4hVB should be greater than 4 units.,12
863,The absolute difference between R8gPT and C3mU should be greater than or equal to 6 units.,14
864,The absolute difference between yV9nX and qA4jM should be less than 8 units.,13
865,The absolute difference between kS7aL and tW3fD should be less than or equal to 10 units.,15
866,Make sure there is a distance of at least 5 between xI4E and Z2sC.,14
867,Make sure there is a gap of more than 18 between lP9 and v3M.,12
868,Ensure a span greater than or equal to 2 is maintained between lT3fH and jZ4mB.,14
869,Keep a gap less than or equal to 6 units between J4bB and iL9jT.,15
870,Ensure a distance greater than 334 is maintained between F3jU and qH9o.,12
871,Ensure a span greater than 9 is maintained between pF2h and bN7kZ.,12
872,Ensure a distance that equals 32 is maintained between pY2Zt and qJ8Hk.,16
873,Keep a gap less than 9 units between tP7xU and xH3vM.,13
874,Ensure a distance of exactly 8 is not maintained between mJ9H and nK7Y.,17
875,Keep a gap greater than or equal to 7 units between F3kR and mO2qT.,14
876,Keep a gap greater than 5 units between bT6z and hL3rM.,12
877,Ensure a distance less than or equal to 6 is maintained between V9kb and jC2N.,15
878,Ensure a span less than or equal to 5 is maintained between rV8cL and mT2zQ.,15
879,Keep a gap different than 4 units between gK9nV and sI5xJ.,17
880,Ensure a distance less than 3 is maintained between oT9x and pR2V.,13
881,Ensure a span less than 6 is maintained between gO7fD and hM2eC.,13
882,A should be greater than 9,18
883,U must be greater than 13,18
884,The quantity Ypsilon must surpass 0.,18
885,Ensure that Bravo is of a magnitude greater than 9.,18
886,It is imperative that Tango exceeds a value of 3.,18
887,The condition demands that Gamma surpasses -4.,18
888,The threshold for H3 must be set higher than 6.,18
889,The stipulation necessitates that Juliet is greater than -77.,18
890,The prescribed requirement is that Kilo exceeds 23.,18
891,It is a requirement for cc9 to be greater than 344.,18
892,Charlie8 needs to have a magnitude greater than 39.,18
893,I must attain a value greater than 67.,18
894,It is necessary for J to be greater than -7.,18
895,It is essential that MK be above 23 in value.,18
896,Y must exceed 92.,18
897,Z should be greater than 45.,18
898,Q needs to be greater than 60.,18
899,V must be higher than 55.,18
900,U23 should surpass 82.,18
901,T needs to be greater than 63.,18
902,R should exceed 47.,18
903,S must be greater than 71.,18
904,P needs to surpass 66.,18
905,O should be greater than 38.,18
906,ABC must be greater than 123.,18
907,XYZ should exceed 456.,18
908,LMN needs to be higher than 789.,18
909,DEF must be greater than 234.,18
910,GHI should surpass 567.,18
911,JKL needs to be greater than 890.,18
912,T6W must be larger than 9 in magnitude.,18
913,The criterion stipulates that OS should exceed 13.,18
914,the value of cell1 should be greater than 23,18
915,the temperature of the room 3 must be greater than 24,18
916,the value of po81 must be greater than 10,18
917,The quantity in box3 should exceed 100 units.,18
918,The speed of the car1 must surpass 80 kilometers per hour.,18
919,"The sales revenue for the month5 should be higher than $10,000.",18
920,The length of the roe must extend beyond 2 meters.,18
921,The level of humidity in the greenhouse9 should rise above 70%.,18
922,The number of likes on the post 19 needs to exceed 500.,18
923,sion3 must be greater than 5.,18
924,The time taken to complete the task 6 should be longer than 30 minutes.,18
925,esy2 should exceed 100.,18
926,buig 4 needs to surpass 50 stories.,18
927,vion9 must be higher than 60.,18
928,ster2 should be greater than 6.,18
929,The score in the game10 needs to exceed 100 points.,18
930,"The attendance at the event 1 must surpass 1,000 participants.",18
931,A9 should be equal to or greater than 13.,20
932,S8 must be equal to or greater than 15.,20
933,able7 needs to be equal to or greater than -3.,20
934,The value of Alpa should be greater than or equal to 14.,20
935,The quantity ylon must be greater than or equal to 12.,20
936,Ensure that bra is of a magnitude greater than or equal to 17.,20
937,Eclipse3 must be greater than or equal to 23.,20
938,V3 must be of a magnitude greater than or equal to -1.,20
939,"The quantity 2YP must exceed or equal 12, crossing the required threshold.",20
940,"ZT needs to be above or equal to -1, establishing itself above this limit.",20
941,Ensure that BR is of a magnitude greater than or equal to 34 for optimal results.,20
942,It is imperative that TG exceeds or equals a value of 67.,20
943,The value of cellX should be greater than or equal to 23.,20
944,The temperature of roomY must be greater than or equal to 24.,20
945,The value of lyZ must be greater than or equal to 10.,20
946,The quantity in bxA should exceed or equal 100 units.,20
947,The speed of arB must surpass or equal 80 kilometers per hour.,20
948,mthC should be higher than or equal to 10000.,20
949,The length of reD must extend beyond or equal 2 meters.,20
950,The level of humidity in grseE should rise above or equal to 70%.,20
951,pstF needs to exceed or equal 500.,20
952,sonG must be greater than or equal to 5.,20
953,tkH should be longer than or equal to 30 minutes.,20
954,"The population of iI should exceed or equal 100,000 inhabitants.",20
955,The weight of packageP should be above or equal to 5 kilograms.,20
956,"The value of stock portfolioQ must be greater than or equal to 10,000 dollars.",20
957,The capacity of storageTankX should exceed or equal 100 liters.,20
958,The maximum speed of vehicleY must surpass or equal 80 miles per hour.,20
959,peZ must be longer than or equal to 2,20
960,The number of followers on socialA must exceed or equal 500.,20
961,B must exceed or equal 92.,20
962,C should be greater than or equal to 45.,20
963,vF needs to be greater than or equal to 60.,20
964,H9K2J must be higher than or equal to 55.,20
965,P2Mx should surpass or equal 82.,20
966,ABsC must be greater than or equal to 123.,20
967,aYZ should exceed or equal to 456.,20
968,LvMN needs to be higher than or equal to 789.,20
969,nDF must be greater than or equal to 234.,20
970,GgHI should surpass or equal to 567.,20
971,JKdL needs to be greater than or equal to 890.,20
972,The length of the rope 2 must extend beyond or equal 2 meters.,20
973,The level of humidity in the sdfc9 should rise above or equal 70%.,20
974,feez 19 needs to exceed or equal 500.,20
975,solon3 must be greater than or equal to 5.,20
976,tsx6 should be longer than or equal 30 minutes.,20
977,man should be greater or equal to 6,20
978,the lion must be greater than or equal to 19,20
979,ci2 should exceed or equal 100 000,20
980,alpha should be less than 5.,19
981,Foxtrot must be less than 7.,19
982,ble5 needs to be less than -3.,19
983,The quantity Omega must not exceed -2.,19
984,Ensure that e is of a magnitude less than 6.,19
985,It is imperative that sierra is below a value of 2.,19
986,The condition demands that delta is below -3.,19
987,The threshold for l must be set lower than 4.,19
988,The stipulation necessitates that Hotel is less than -70.,19
989,The prescribed requirement is that November is below 20.,19
990,It is a requirement for W to be less than 320.,19
991,Golf9 needs to have a magnitude less than 35.,19
992,I443 must attain a value less than 60.,19
993,It is necessary for jsfh to be less than -5.,19
994,It is essential that m is below 20 in value.,19
995,Uniform must exceed 85.,18
996,Victor should be less than 40.,19
997,Papa needs to be less than 55.,19
998,ray must be higher than 50.,18
999,Yankee should surpass 77.,18
1000,Fd9 should be less than 80.,19
1001,Dn1 must be below 60.,19
1002,Lx7 must be less than 90.,19
1003,r2K5 needs to be lower than 70.,19
1004,sld should not exceed 50.,19
1005,XYsZ should be less than 500.,19
1006,LMfN must not surpass 700.,19
1007,dEsF should be lower than 400.,19
1008,GcHI should not exceed 600.,19
1009,NV must be smaller than 9 in magnitude.,19
1010,conservatory7 should be below 60.,19
1011,ksld should be fewer than 700.,19
1012,solution6 must be less than 8.,19
1013,ta3 should be less than 25.,19
1014,dty should be less than 20000.,19
1015,building 2 should be below 60.,19
1016,election8 must be less than 50.,19
1017,water should be less than 5.,19
1018,The qa 11 should be less than 150.,19
1019,The eves must be less than 2000.,19
1020,hothouse8 should not exceed 25.,19
1021,efkgi 16 should be less than 300.,19
1022,solu must be less than 4.,19
1023,t 5 should be less than 15.,19
1024,"c 3 should be less than 80,000.",19
1025,b6 should be below 40.,19
1026,e10 must be less than 30.,19
1027,ater 9 should be less than 45.,19
1028,gme13 should be less than 75.,19
1029,ent 2 must be fewer than 800.,19
1030,pha should be less than or equal to 3.,21
1031,oxrot must be less than or equal to 5.,21
1032,ie2 needs to be less than or equal to -1.,21
1033,The quantity O must be less than or equal to -2.,21
1034,Ensure that eq1 is of a magnitude less than or equal to 4.,21
1035,It is imperative that sa 22 is below or equal a value of 1.,21
1036,The condition demands that l2ta is below or equal to -2.,21
1037,j must be set lower than or equal to 3.,21
1038,Hl2 is less than or equal to -60.,21
1039,vember9 is below or equal to 15.,21
1040,mp must be less than or equal to 300.,21
1041,f6 needs tobe less than or equal to 30.,21
1042,M 9 must attain a value less than or equal to 55.,21
1043,enj must be less than or equal to -3.,21
1044,at needs to be below or equal to 18 in value.,21
1045,fosrm must be less or equal to 80.,21
1046,ossr should be less than or equal to 35.,21
1047,pa needs to be less than or equal to 50.,21
1048,qsy must be less than or equal 55.,21
1049,kee should be less than or equal to 75.,21
1050,d should be less than or equal to 75.,21
1051,w must be below or equal to 55.,21
1052,r must be less than or equal to 85.,21
1053,u needs to be lower than or equal to 65.,21
1054,pp88 should be less than or equal to 45.,21
1055,sZ should be less than or equal to 450.,21
1056,cN must be less than or equal to 650.,21
1057,XXw should be lower than or equal to 375.,21
1058,BMW should be less than or equal to 550.,21
1059,Be must be smaller than or equal to 7 in magnitude.,21
1060,xsry 7 should be below or equal to 50.,21
1061,sost should be fewer than or equal to 600.,21
1062,oson6 must be less than or equal to 7.,21
1063,sk3 should be less than or equal to 20.,21
1064,"ts234 should be less than or equal to 150,000.",21
1065,Bu222 should be below or equal to 50.,21
1066,t218 must be less than or equal to 40.,21
1067,z2er should be less than or equal to 4.,21
1068,ge 11 should be less than or equal to 130.,21
1069,dzs must be less than or equal to 1800.,21
1070,se 8 should be less than or equal to 20.,21
1071,s 16 should be less than or equal to 280.,21
1072,Sn7 must be less than or equal to 3.,21
1073,Tw5 should be less than or equal to 12.,21
1074,"G3 should be less than or equal to 70,000.",21
1075,B88 should be below or equal to 35.,21
1076,kls must be less than or equal to 25.,21
1077,wer should be less than or equal to 40.,21
1078,op should be less than or equal to 70.,21
1079,MA90 must be fewer than or equal to 750.,21
1080,xa should equal 2.,22
1081,Ot must equal 4.,22
1082,q2 needs to equal -2.,22
1083,M9x must equal -1.,22
1084,q1 is of a magnitude equal to 3.,22
1085,It is imperative that zee 22 equals a value of 2.,22
1086,The condition demands that pink equals -1.,22
1087,d must be set equal to 2.,22
1088,l2 is equal to -55.,22
1089,N9 is equal to 12.,22
1090,MSp must equal 280.,22
1091,PMMS6 needs to be equal to 25.,22
1092,SAZ 9 must attain a value equal to 50.,22
1093,Ensqj must be equal to -4.,22
1094,szst needs to be equal to 15 in value.,22
1095,srm must be equal to 75.,22
1096,Khalid should be equal to 30.,22
1097,Karim needs to be equal to 45.,22
1098,Employee must be equal to 50.,22
1099,director should be equal to 70.,22
1100,Watson must be equal to 50.,22
1101,reel must be equal to 80.,22
1102,united2 needs to be equal to 60.,22
1103,pks should be equal to 40.,22
1104,seat should be equal to 400.,22
1105,co3 must be equal to 600.,22
1106,nor 15 should be equal to 350.,22
1107,waiter should be equal to 500.,22
1108,bee 9 must be equal to 6 in magnitude.,22
1109,dice9 should be equal to 45.,22
1110,sweet1 should be equal to 500.,22
1111,oa must be equal to 6.,22
1112,knighte should be equal to 15.,22
1113,"town1 should be equal to 140,000.",22
1114,bull2 should be equal to 45.,22
1115,eater must be equal to 35.,22
1116,highland should be equal to 3.,22
1117,garage should be equal to 120.,22
1118,pbd must be equal to 1700.,22
1119,df should be equal to 15.,22
1120,sdf6 should be equal to 260.,22
1121,v7 must be equal to 2.,22
1122,qd5 should be equal to 10.,22
1123,"ve3 should be equal to 65,000.",22
1124,Be8 should be equal to 30.,22
1125,desp must be equal to 20.,22
1126,lkR should be equal to 35.,22
1127,tk should be equal to 60.,22
1128,yu90 must be equal to 700.,22
1129,h should not equal 5.,23
1130,dt must not equal 8.,23
1131,kl2 needs to not equal -3.,23
1132,nr must not equal -2.,23
1133,KK is of a magnitude not equal to 6.,23
1134,It is imperative that king90 not equals a value of 4.,23
1135,The condition demands that nddk not equal -2.,23
1136,ml must be set not equal to 4.,23
1137,P5 is not equal to -60.,23
1138,the hou32 is not equal to 18.,23
1139,masters must be different than 320.,23
1140,MS6 needs to be different than 30.,23
1141,qsZ 9 must be different than 55.,23
1142,Esj must be different than -6.,23
1143,evgt needs to be different than 20 in value.,23
1144,Fsr must be different than to 80.,23
1145,Kim needs to be distinct than to 50.,23
1146,Eoyee must not be equal to 55.,23
1147,iretor should not be equal to 75.,23
1148,Gogo should not be equal to 75.,23
1149,Wafon must not be equal to 55.,23
1150,fel must not be equal to 90.,23
1151,nied2 needs to not be equal to 70.,23
1152,zdks should not be equal to 45.,23
1153,ue should not be equal to 450.,23
1154,ow3 must not be equal to 650.,23
1155,orf15 should not be equal to 375.,23
1156,Wafer3 should not be equal to 550.,23
1157,biggye2 must not be equal to 7 in magnitude.,23
1158,eo should not be equal to 50.,23
1159,Sw1 should not be equal to 550.,23
1160,OZ must not be equal to 7.,23
1161,ighte should not be equal to 18.,23
1162,"n1 should not be equal to 150,000.",23
1163,ll2 should not be equal to 55.,23
1164,ter1 must not be equal to 40.,23
1165,Hland9 should not be equal to 4.,23
1166,Ge3 should not be equal to 130.,23
1167,Ebd must not be equal to 1800.,23
1168,tate2 should not be equal to 20.,23
1169,OI6 should not be equal to 280.,23
1170,EK must not be equal to 3.,23
1171,fnk should not be equal to 12.,23
1172,"de should not be equal to 70,000.",23
1173,zhte8 should not be equal to 35.,23
1174,MpD must not be equal to 25.,23
1175,LZR should not be equal to 40.,23
1176,p3 should not be equal to 70.,23
1177,u90 must not be equal to 750.,23
